member_id,name,age,premium_paid,region,previous_claims,claim,gender,occupation,policy_type,last_claim_amount,days_since_last_claim,income_level,policy_start_date,policy_end_date,avg_rainfall_region,avg_aqi_region,natural_disaster_risk,app_usage_score,feedback_score,loyalty_score,claim_probability,fraud_risk_score,risk_level,predicted_premium
1,Jared,53,1502,Chennai,0,0,Other,Teacher,Property,0,,Medium,7/16/2024,4/5/2027,42,187,9,3,8,0,52.83,55.15,Medium,1516
2,James,48,3267,Hyderabad,0,0,Male,Teacher,Life,0,,Low,4/16/2022,4/19/2028,23,305,4,2,5,1,78.3,93.79,Low,4227
3,Adrian,33,3893,Kolkata,5,0,Male,Farmer,Life,4845,78,High,9/15/2022,3/1/2028,36,476,0,3,6,9,92.3,46.73,Medium,4681
4,Carolyn,40,3298,Delhi,0,0,Male,Student,Health,0,,Medium,3/2/2023,6/13/2029,17,234,1,3,2,4,83.59,26.42,High,3333
5,Bonnie,62,2872,Mumbai,0,0,Other,Delivery,Life,0,,High,4/23/2021,9/30/2029,114,262,9,1,6,0,67.33,99.54,High,3222
6,Dennis,75,2998,Mumbai,4,0,Male,Delivery,Health,10096,254,Medium,3/31/2025,5/23/2026,22,177,4,5,10,3,23.45,59.78,Medium,3342
7,Ryan,44,4059,Kolkata,5,0,Male,Teacher,Health,23800,365,High,6/16/2022,8/31/2028,48,389,10,10,5,1,91.36,36.63,Low,5158
8,Rebecca,41,3333,Delhi,5,0,Female,Farmer,Health,23505,84,Low,4/27/2024,8/18/2026,120,101,3,4,5,5,25.54,28.13,Medium,2820
9,Dustin,43,2104,Hyderabad,3,1,Male,Office,Property,12978,129,High,4/5/2024,7/29/2025,66,393,10,2,2,1,33.17,8.07,Medium,2466
10,Frances,65,2159,Delhi,5,0,Other,Student,Vehicle,11805,364,Medium,9/13/2021,7/21/2024,48,247,10,7,8,5,99.14,98.42,High,2566
11,William,74,1442,Chennai,2,1,Male,Delivery,Vehicle,4738,349,Medium,10/3/2022,5/13/2027,21,314,1,5,5,6,90.02,92.91,Low,1736
12,Andrea,42,2889,Hyderabad,3,0,Other,Teacher,Life,6723,197,Low,2/21/2025,1/6/2029,54,351,4,2,3,10,21.55,67.54,Medium,2448
13,Aaron,55,3867,Chennai,4,0,Other,Office,Health,12200,70,High,6/24/2024,11/22/2029,108,199,3,3,6,10,11.16,37.18,High,4122
14,Curtis,38,1887,Delhi,0,0,Other,Engineer,Property,0,,High,6/1/2021,3/29/2027,90,368,9,9,8,4,74.37,82.13,Low,1511
15,Garrett,21,2637,Kolkata,3,0,Female,Office,Health,7932,86,High,7/2/2024,8/4/2024,19,332,10,10,2,9,66.8,39.62,High,3215
16,Madison,68,1719,Bangalore,1,0,Other,Farmer,Vehicle,570,111,Medium,2/23/2025,11/1/2028,88,96,8,2,3,6,42.08,6.72,Medium,1554
17,Teresa,21,2843,Mumbai,5,1,Female,Office,Vehicle,19630,193,High,6/14/2022,12/16/2024,52,372,4,0,7,4,50.58,24.76,Medium,3409
18,John,51,4717,Bangalore,5,0,Female,Farmer,Vehicle,17030,209,Medium,10/17/2021,11/2/2029,16,198,0,5,1,10,50.58,32.18,High,4050
19,Dennis,61,4432,Bangalore,0,0,Other,Office,Property,0,,Low,2/21/2025,7/19/2027,118,217,7,7,6,4,47,23.91,Medium,3569
20,Thomas,39,2037,Mumbai,1,0,Other,Delivery,Vehicle,1650,6,Medium,7/17/2024,5/3/2027,84,224,7,5,10,5,97.77,33.51,High,1966
21,Nichole,68,2808,Mumbai,1,0,Female,Farmer,Vehicle,611,117,High,2/7/2023,7/27/2026,40,89,4,5,10,10,65.91,86.01,Low,2974
22,Brandi,40,3707,Bangalore,2,0,Other,Teacher,Vehicle,8170,234,Medium,1/4/2023,11/9/2024,52,307,7,7,7,9,72.88,95.51,Low,4046
23,Lawrence,45,4983,Kolkata,4,0,Male,Farmer,Health,5424,214,Medium,4/19/2024,4/3/2025,94,225,0,4,10,8,63.89,96.39,Low,4380
24,Barbara,65,2370,Bangalore,5,0,Female,Farmer,Health,13390,160,Low,10/19/2021,3/27/2031,104,357,10,3,4,1,48.68,19.26,Medium,2722
25,Devin,31,4213,Delhi,4,0,Male,Engineer,Property,4688,347,Medium,12/21/2025,8/19/2028,43,360,9,8,5,4,43.63,80.17,Low,4398
26,Michael,32,3096,Delhi,1,0,Other,Student,Property,4646,365,Low,9/8/2023,4/20/2030,43,81,5,8,5,6,74.84,21.66,Low,3672
27,Scott,75,2592,Delhi,3,0,Male,Student,Vehicle,12957,79,High,1/16/2025,1/19/2030,116,232,6,8,2,8,68.53,39.38,High,2230
28,Kristen,71,3586,Mumbai,1,0,Male,Engineer,Vehicle,3058,223,Low,1/18/2026,7/16/2027,6,471,2,5,3,8,26.13,98.37,Medium,3323
29,Christine,53,3909,Delhi,3,0,Female,Teacher,Vehicle,1677,37,Low,11/18/2024,3/1/2029,59,357,1,2,0,9,32.53,87.72,Medium,4368
30,Ana,58,2770,Mumbai,1,0,Other,Student,Health,2252,171,Medium,4/18/2023,6/11/2024,81,66,9,0,8,8,2.81,53.57,Low,3449
31,Ryan,30,1675,Bangalore,0,1,Female,Delivery,Health,0,,Low,1/4/2022,6/16/2026,54,220,0,6,1,3,45.8,68.86,High,1380
32,Ashley,59,4772,Delhi,1,0,Other,Engineer,Property,2300,232,Medium,10/17/2024,6/5/2027,64,305,8,8,7,8,83.89,79.64,High,5448
33,Nathan,72,4277,Delhi,3,0,Male,Office,Life,5820,62,High,5/28/2025,3/9/2028,117,355,6,9,6,3,64.69,36.08,Medium,4516
34,Stephanie,42,1803,Hyderabad,2,0,Female,Office,Health,2120,163,High,10/13/2023,12/13/2030,85,132,8,10,3,9,32.3,93.11,Medium,1505
35,Brenda,48,2142,Kolkata,3,0,Male,Student,Health,10122,252,Medium,8/30/2022,8/11/2025,68,331,7,5,7,5,9.29,77.28,Medium,1977
36,Jason,62,2884,Bangalore,2,0,Female,Office,Health,5290,326,High,1/25/2026,11/5/2029,11,294,5,5,3,2,28.39,47.12,Low,2932
37,Jeffery,32,4653,Bangalore,3,0,Other,Teacher,Vehicle,11334,245,Medium,3/21/2024,11/20/2026,87,343,9,4,8,0,9.35,49.63,Low,3765
38,Kayla,24,3295,Chennai,2,0,Female,Teacher,Property,4222,104,Low,5/7/2023,9/12/2025,30,149,4,7,1,2,38.71,56.24,Low,4094
39,Seth,24,1880,Hyderabad,4,0,Female,Engineer,Life,10116,209,Medium,9/26/2021,11/18/2025,58,354,9,8,8,0,92.74,0.67,Low,1780
40,Jonathan,44,4706,Mumbai,3,0,Female,Office,Life,2217,188,High,3/20/2022,8/16/2030,40,385,1,7,6,3,10.18,42.97,High,5711
41,Edward,35,1528,Mumbai,3,0,Female,Teacher,Health,9561,349,Medium,7/30/2023,2/19/2025,98,89,3,2,10,10,37.75,73.45,Medium,1230
42,Steve,52,3221,Mumbai,2,1,Other,Delivery,Vehicle,5800,279,Medium,1/18/2025,3/19/2031,84,272,2,7,5,8,88.43,83.61,Low,3819
43,Jennifer,19,2979,Delhi,3,0,Male,Delivery,Property,9567,87,High,4/18/2025,9/23/2028,103,351,8,3,8,1,53.96,23.06,Low,3173
44,Tracy,50,1090,Chennai,0,0,Male,Student,Life,0,,Low,3/9/2022,7/20/2030,75,390,2,7,4,8,84.05,96.53,Medium,1160
45,Keith,19,1104,Kolkata,4,0,Other,Student,Life,2032,4,Medium,9/25/2021,9/10/2025,104,466,0,4,6,2,94.39,54.12,Low,1213
46,John,56,3597,Bangalore,4,0,Other,Engineer,Health,9776,84,High,2/15/2026,2/23/2028,1,458,8,8,2,2,30.46,46.61,Low,4233
47,Logan,55,1322,Hyderabad,1,0,Female,Delivery,Health,1702,12,Medium,12/24/2025,9/30/2030,43,276,3,6,5,2,17.2,86.02,Low,1274
48,Lisa,31,2217,Kolkata,4,0,Male,Farmer,Life,14632,150,High,2/27/2026,1/17/2028,110,119,3,0,4,8,39.49,52.29,Low,2588
49,Paige,28,1793,Mumbai,1,0,Female,Student,Health,2193,347,High,2/12/2022,7/20/2022,41,316,3,1,10,10,26.68,47.63,Low,1845
50,Lauren,31,3534,Delhi,3,1,Other,Office,Vehicle,14880,236,Medium,9/21/2023,11/16/2030,22,423,7,6,10,1,81.82,65.76,Medium,4139
51,Kristen,46,4281,Hyderabad,5,0,Female,Delivery,Health,21965,276,Medium,12/2/2024,9/16/2029,31,156,7,10,9,4,61.87,85.09,Low,5288
52,Joseph,20,2694,Mumbai,2,0,Other,Teacher,Property,1604,342,Medium,5/13/2025,9/28/2030,38,374,8,10,2,4,63.15,96.9,High,2339
53,James,54,4113,Kolkata,2,0,Female,Engineer,Vehicle,4758,10,Medium,3/31/2024,12/14/2028,99,331,5,4,10,1,6.71,61.11,High,3633
54,Cynthia,52,3937,Kolkata,0,0,Female,Teacher,Vehicle,0,,High,1/7/2024,7/11/2028,112,62,1,3,8,6,90.79,86.94,Low,3495
55,Jennifer,21,1540,Chennai,0,0,Male,Farmer,Property,0,,Low,9/2/2024,3/6/2030,7,472,9,6,10,2,98.48,18.32,Low,1514
56,Brian,31,2784,Kolkata,5,0,Female,Teacher,Property,19875,242,Medium,6/8/2025,2/1/2030,96,335,7,6,7,9,73.9,90.83,Medium,2279
57,Geoffrey,37,3914,Delhi,3,0,Female,Farmer,Vehicle,8142,343,High,3/14/2026,12/3/2030,40,145,8,3,8,10,60.45,13.01,High,3544
58,James,74,2481,Hyderabad,0,0,Male,Farmer,Health,0,,Low,7/1/2025,7/21/2025,85,439,8,7,8,0,22.52,77.51,Low,3096
59,Larry,73,1065,Mumbai,2,0,Male,Engineer,Property,2564,13,Low,1/2/2025,10/10/2026,115,137,6,10,7,1,47.27,60.91,Medium,1102
60,Rose,65,1863,Delhi,0,0,Female,Teacher,Property,0,,Low,2/24/2023,9/9/2024,94,257,4,7,8,6,10.68,8.89,Medium,1819
61,Nicholas,52,3431,Delhi,3,0,Other,Engineer,Health,14265,62,High,5/27/2025,2/14/2031,14,150,2,6,8,1,25.48,29.21,Low,4160
62,Maria,60,1375,Delhi,4,0,Male,Office,Life,5148,325,Medium,10/29/2021,12/6/2030,48,58,1,7,2,1,31.92,46.18,Medium,1422
63,Michael,48,2451,Bangalore,0,0,Female,Office,Property,0,,High,4/7/2024,5/31/2030,95,183,7,5,5,4,87.13,55.6,High,2812
64,Carrie,64,2446,Hyderabad,1,0,Male,Delivery,Vehicle,3420,165,High,3/30/2021,9/28/2025,65,135,3,2,7,10,52.12,45.76,Low,2455
65,Kyle,27,3080,Delhi,4,0,Other,Delivery,Vehicle,8156,109,Medium,12/19/2024,5/27/2028,32,439,10,2,8,4,62.85,37.04,Low,3145
66,Shannon,74,1236,Chennai,4,0,Male,Farmer,Life,10892,58,High,10/4/2025,2/4/2029,108,428,3,7,8,0,61.53,0.22,High,1299
67,Felicia,58,2342,Hyderabad,3,0,Male,Delivery,Property,6648,191,Low,12/11/2023,9/24/2030,1,481,7,2,0,8,41.41,2.54,Medium,3000
68,Alan,28,3568,Kolkata,5,0,Female,Farmer,Property,3340,197,High,5/26/2022,8/14/2022,69,453,5,3,6,9,89.14,91.84,Medium,3671
69,Bill,46,3569,Hyderabad,4,1,Other,Delivery,Vehicle,7836,321,Low,3/31/2025,6/21/2030,45,372,10,0,9,8,24.85,61.42,High,3468
70,Christy,29,2152,Delhi,5,0,Other,Delivery,Life,8595,335,Low,1/2/2022,3/26/2022,52,237,6,5,5,7,26.35,69.17,Medium,1844
71,Bruce,21,2528,Kolkata,2,1,Male,Teacher,Property,2526,355,Low,1/21/2024,11/25/2025,116,473,1,5,1,2,92.62,69.35,Low,3201
72,Jessica,61,2630,Chennai,1,0,Male,Engineer,Vehicle,4322,58,High,8/31/2024,3/19/2031,99,344,8,6,4,3,34.82,26.7,Medium,2247
73,Melissa,54,1174,Kolkata,1,0,Male,Farmer,Vehicle,4930,124,Medium,6/16/2023,4/6/2026,76,427,8,8,3,8,18.87,5.12,Low,1017
74,Alicia,28,1186,Bangalore,0,1,Male,Office,Health,0,,Low,9/4/2022,6/25/2027,25,157,6,0,5,8,83.41,51.64,Low,966
75,Bonnie,30,3793,Mumbai,0,0,Other,Student,Health,0,,Low,3/30/2023,11/13/2030,98,282,1,8,3,8,97.48,69.42,Low,3628
76,Jacqueline,73,2374,Kolkata,2,0,Male,Student,Life,6062,283,Medium,11/28/2023,7/16/2024,42,442,3,10,5,1,82.93,65.85,Low,1920
77,Mark,50,2532,Kolkata,3,0,Female,Teacher,Life,13884,229,Low,6/20/2023,1/26/2029,11,469,2,7,2,4,72.19,12.36,Low,3037
78,Rachel,35,3150,Delhi,2,1,Male,Engineer,Life,3860,100,Medium,8/3/2023,9/5/2025,78,279,0,6,4,10,33.18,56.33,Medium,3025
79,Andrew,44,2939,Kolkata,0,1,Male,Teacher,Property,0,,Low,9/7/2025,11/25/2026,86,219,9,3,7,0,71.25,72.58,Medium,3370
80,Catherine,74,2139,Hyderabad,0,1,Male,Delivery,Life,0,,Low,10/24/2023,12/25/2028,38,203,10,0,5,7,34.3,10.02,Low,2691
81,Andrew,60,4591,Chennai,2,1,Female,Office,Property,6642,290,High,6/6/2021,11/7/2026,32,259,4,8,9,8,90.98,34.8,Medium,5673
82,Wayne,45,1620,Chennai,2,0,Female,Office,Life,2996,356,Low,10/15/2024,6/27/2029,74,470,8,1,9,3,53.95,90.83,Low,1737
83,Steven,41,4902,Hyderabad,1,0,Female,Teacher,Property,4699,344,Low,9/23/2024,12/30/2029,23,302,8,4,10,4,47.14,27.55,Medium,4124
84,Alexander,47,2670,Kolkata,1,1,Other,Student,Vehicle,3815,51,High,7/20/2022,1/19/2029,66,265,8,0,9,3,16.04,94.42,Medium,2547
85,Kimberly,42,3941,Delhi,3,0,Male,Engineer,Life,14745,145,High,1/16/2024,3/9/2030,40,403,8,4,7,3,90.96,41.07,Medium,3210
86,Michael,33,2692,Bangalore,3,0,Other,Student,Health,6222,157,High,9/4/2021,7/19/2022,106,434,7,8,9,8,1.43,2.99,High,3460
87,Jennifer,29,3368,Kolkata,1,1,Male,Delivery,Property,1215,362,High,10/26/2024,5/4/2028,91,414,8,5,6,10,69.71,24.21,High,3342
88,Suzanne,61,1724,Chennai,3,0,Male,Delivery,Vehicle,5838,12,Low,6/4/2024,8/6/2024,3,361,9,4,4,7,64.67,40.56,Low,2189
89,Christopher,41,4402,Bangalore,2,0,Male,Farmer,Health,5952,261,Medium,1/19/2023,9/1/2023,48,151,2,3,1,6,60.42,74.61,Low,4264
90,William,47,2764,Bangalore,3,0,Male,Farmer,Health,7146,47,Medium,1/4/2026,3/3/2026,75,328,4,4,3,10,82.57,78.72,Medium,2608
91,Ethan,45,2761,Hyderabad,0,0,Male,Office,Health,0,,High,11/17/2021,8/12/2026,83,408,5,10,2,9,62.55,27.76,Medium,2226
92,Ian,62,3824,Chennai,4,0,Female,Farmer,Life,12604,22,Low,12/3/2024,1/4/2030,92,419,6,5,2,9,29.66,14.8,Medium,4943
93,Charlene,50,4501,Bangalore,4,0,Male,Delivery,Health,16172,232,High,11/7/2023,1/3/2024,26,173,4,5,6,10,89.43,75.75,High,3730
94,Jason,65,1927,Kolkata,1,0,Male,Office,Vehicle,755,158,Medium,8/3/2023,10/31/2028,87,91,0,0,4,10,72.34,88.45,Medium,1902
95,Michael,62,4877,Kolkata,2,1,Male,Farmer,Life,5464,340,Medium,12/30/2022,1/12/2023,41,288,8,7,8,6,57.78,24.55,Low,4482
96,Amanda,34,1768,Delhi,4,0,Male,Student,Property,11316,54,Low,7/21/2021,11/26/2022,72,450,4,4,4,7,5.26,71.31,High,1970
97,Scott,43,4114,Chennai,3,0,Female,Delivery,Health,6690,238,High,1/24/2022,10/5/2027,102,260,1,9,8,5,81.68,64.91,Medium,3327
98,Katrina,49,3426,Mumbai,2,1,Other,Delivery,Life,7738,167,Low,1/26/2026,10/15/2028,46,95,6,8,6,9,31.83,37.47,Low,3020
99,Corey,36,2434,Kolkata,3,0,Female,Student,Property,10689,319,High,8/26/2022,3/7/2030,120,392,2,5,8,5,25.15,0.81,High,2789
100,Michael,40,1870,Hyderabad,4,0,Male,Teacher,Vehicle,10464,282,Low,3/14/2023,9/1/2026,70,431,6,8,6,9,15.66,25.36,Medium,2361
101,Colleen,59,4037,Hyderabad,3,0,Female,Farmer,Life,12291,36,Low,4/4/2022,6/23/2026,2,193,6,5,8,1,74,86.73,Medium,4212
102,Alexis,34,4698,Kolkata,5,0,Male,Delivery,Property,24985,136,Medium,8/15/2021,8/9/2023,58,370,10,4,2,10,38.99,71.67,Low,5535
103,Michelle,19,4197,Chennai,3,0,Other,Engineer,Vehicle,5820,140,High,4/12/2025,3/1/2026,36,353,6,8,3,9,62.67,69.27,High,4115
104,Julie,68,2733,Bangalore,3,0,Male,Delivery,Property,8343,44,Low,3/16/2023,10/25/2029,24,180,1,6,5,3,35.07,96.79,Medium,2924
105,Robert,51,1652,Bangalore,2,0,Male,Engineer,Health,5050,115,High,3/23/2022,10/10/2028,110,141,9,8,10,0,2.73,11.72,Low,2145
106,Jennifer,52,3355,Hyderabad,2,0,Female,Office,Life,3766,125,High,1/28/2025,6/25/2028,107,331,4,5,6,8,19.84,18.71,Medium,3082
107,Stacey,71,3678,Kolkata,4,0,Other,Teacher,Vehicle,11468,241,Medium,9/8/2024,11/24/2029,12,63,8,1,0,1,57.99,58.83,High,3209
108,Shane,61,4052,Bangalore,1,0,Other,Student,Property,1866,312,High,7/5/2021,8/23/2026,67,472,2,1,2,4,36.73,10.22,Low,3974
109,Savannah,73,1023,Mumbai,5,0,Female,Engineer,Health,12440,340,Low,4/29/2025,3/3/2026,66,170,3,1,10,2,12.02,6.03,Medium,1065
110,Darren,42,2558,Delhi,1,0,Female,Teacher,Vehicle,2568,351,High,5/4/2025,10/24/2025,85,80,3,8,7,5,51.6,5.18,Low,2937
111,Natalie,66,1875,Bangalore,0,0,Male,Farmer,Life,0,,Low,1/29/2024,12/15/2026,34,165,1,0,10,1,96.17,73.43,Low,2286
112,Alyssa,40,4903,Chennai,1,0,Female,Farmer,Health,1174,360,Medium,12/30/2022,2/28/2030,82,299,10,10,6,4,50.34,53.96,Medium,4882
113,Alex,59,2479,Kolkata,2,0,Male,Office,Life,8872,209,Medium,6/11/2021,3/13/2022,52,485,0,1,0,10,99.99,53.72,Low,3096
114,Angelica,50,1834,Bangalore,2,1,Other,Office,Property,6914,128,High,8/26/2025,8/22/2028,113,306,2,3,10,0,0.22,18.69,Low,2154
115,James,22,4927,Chennai,5,0,Male,Teacher,Vehicle,20550,166,Medium,10/24/2023,3/12/2031,69,177,4,10,3,9,41.4,50.64,Low,4044
116,John,59,1019,Chennai,2,0,Male,Teacher,Vehicle,5672,365,Medium,5/13/2021,3/31/2025,53,474,6,8,3,10,81.76,59.79,Low,822
117,Harry,52,1526,Chennai,4,0,Male,Office,Life,10336,24,High,9/20/2022,10/14/2024,7,325,8,8,5,7,11.08,70.18,High,1621
118,Ryan,30,2070,Mumbai,4,0,Other,Delivery,Property,17036,63,High,12/2/2025,5/7/2029,85,362,1,10,10,10,53.08,3.51,Medium,2351
119,Karen,31,1409,Chennai,0,0,Female,Student,Vehicle,0,,Medium,9/16/2023,7/30/2024,75,229,6,9,3,9,43.99,32.64,Low,1165
120,Sean,38,2689,Delhi,4,1,Male,Delivery,Health,7660,178,Low,2/5/2025,12/3/2030,17,415,5,5,3,8,85.58,11.08,High,2565
121,Justin,45,4277,Kolkata,5,0,Male,Student,Health,20850,279,Medium,8/20/2025,7/19/2026,63,256,9,5,4,0,24.63,3.98,Low,3438
122,Lisa,32,1774,Mumbai,1,0,Other,Teacher,Life,2117,326,Medium,1/29/2023,3/7/2030,56,366,3,9,0,1,40.86,32.75,Low,1910
123,Sean,69,2788,Kolkata,4,0,Other,Office,Life,9024,273,High,7/9/2023,12/19/2028,1,132,8,1,9,0,66.79,76.61,Low,2770
124,Robert,54,1495,Kolkata,4,1,Female,Teacher,Life,17760,344,Low,11/5/2024,11/23/2028,105,456,3,4,8,6,95.38,31.87,Low,1642
125,Tiffany,53,1132,Mumbai,2,0,Female,Office,Property,5312,300,Medium,5/18/2023,6/21/2023,75,337,4,4,5,9,34.82,85.74,Low,979
126,Alyssa,50,3392,Mumbai,2,0,Female,Office,Property,5352,110,Medium,10/1/2021,7/23/2024,93,436,8,3,7,8,73.51,36.53,Medium,3284
127,Jeremy,24,3854,Hyderabad,3,0,Female,Teacher,Health,11433,116,High,7/4/2023,6/1/2025,90,73,10,1,10,5,39.05,92.63,Medium,3201
128,Dalton,23,1081,Bangalore,3,1,Other,Teacher,Vehicle,5739,223,High,2/2/2024,7/29/2026,97,350,0,2,9,0,93.52,83.18,Low,984
129,Taylor,32,3441,Bangalore,4,0,Male,Teacher,Life,3924,3,Low,11/20/2025,5/16/2026,31,332,1,10,5,10,93.73,58.53,High,3361
130,Kevin,45,2946,Mumbai,2,0,Other,Teacher,Vehicle,5280,263,High,5/22/2021,5/18/2025,63,110,4,5,2,2,68.4,66.93,Low,2428
131,Elizabeth,35,3509,Bangalore,2,0,Female,Student,Vehicle,4936,9,Low,11/28/2023,1/26/2031,87,459,1,9,8,8,52.46,41.41,Medium,2919
132,David,24,3568,Bangalore,4,0,Male,Student,Life,4212,222,High,12/7/2021,11/3/2024,40,133,7,5,2,4,18.41,80.26,High,3547
133,Tiffany,63,3768,Hyderabad,5,0,Male,Student,Property,5115,94,Low,7/18/2023,1/28/2025,105,395,3,1,6,9,11.27,58.79,Low,4789
134,Dorothy,51,3362,Hyderabad,2,1,Male,Farmer,Health,1670,0,High,3/3/2026,1/13/2028,83,156,5,8,7,10,18.79,22.22,Low,2805
135,Brandy,62,4065,Delhi,1,1,Male,Student,Vehicle,3364,54,Medium,10/15/2022,1/28/2028,26,154,9,3,8,10,37.38,65.31,Low,4480
136,Diana,36,2679,Hyderabad,4,0,Male,Student,Life,16256,160,Low,3/10/2023,6/28/2025,89,130,1,9,5,8,5.31,88.77,Low,2636
137,Mason,25,2996,Delhi,1,0,Female,Farmer,Life,1942,127,Low,11/29/2024,8/12/2027,8,325,2,6,3,9,37.92,14.78,High,3753
138,Jennifer,20,3379,Bangalore,0,0,Other,Student,Property,0,,Medium,6/11/2025,8/10/2030,25,480,0,10,2,2,99.55,81.01,Medium,4340
139,Robert,71,4523,Bangalore,1,1,Other,Delivery,Health,1965,355,Low,7/14/2023,7/3/2030,95,141,7,4,4,2,75.3,36.95,Low,5558
140,Arthur,55,4044,Chennai,5,1,Other,Student,Property,17545,51,Medium,10/8/2022,9/27/2025,52,469,2,2,4,10,12.65,2.31,High,3531
141,Lee,30,2369,Hyderabad,2,0,Other,Office,Property,7228,242,Medium,5/31/2021,6/5/2021,117,262,5,3,10,9,13.83,48.89,Low,1959
142,Patricia,34,1287,Mumbai,4,1,Other,Delivery,Life,7236,26,High,2/24/2025,3/7/2031,31,158,8,9,6,7,93.13,49.65,Low,1639
143,Jeffery,48,4292,Kolkata,1,0,Male,Student,Health,1878,12,High,12/8/2025,3/25/2029,0,124,0,6,6,5,22.63,16.07,Medium,4901
144,Jasmine,63,3583,Hyderabad,0,0,Female,Delivery,Life,0,,Medium,4/7/2025,6/6/2030,42,369,0,5,3,8,91.57,32.27,High,2880
145,Mary,47,4135,Delhi,1,0,Male,Farmer,Vehicle,4288,75,Low,6/18/2023,10/6/2026,72,81,6,2,7,10,96.68,69.39,Low,4818
146,Andrea,71,4522,Mumbai,0,0,Male,Student,Life,0,,Low,6/9/2021,2/11/2024,55,490,8,4,0,1,92.71,70.45,High,4130
147,Betty,25,3145,Chennai,5,0,Other,Teacher,Property,3940,213,High,7/28/2022,4/17/2026,70,217,9,0,6,9,44.98,38.3,Low,3847
148,Tanya,20,3580,Kolkata,2,0,Other,Student,Life,9052,266,High,5/2/2024,8/3/2029,36,482,1,9,4,1,34.81,78.89,Low,3904
149,Jessica,32,3577,Delhi,0,0,Female,Student,Property,0,,Low,7/21/2024,11/19/2030,76,123,2,5,7,10,60.15,73.23,Low,4264
150,Savannah,54,1973,Delhi,4,0,Male,Student,Life,14408,115,Medium,12/16/2022,4/3/2024,109,479,9,6,7,5,66.88,37.07,Low,2519
151,Tanya,30,3140,Bangalore,4,0,Male,Engineer,Life,15416,29,Low,9/19/2024,10/22/2030,102,261,6,8,0,1,80.84,5.59,Low,3840
152,Robert,18,3718,Chennai,4,0,Other,Engineer,Health,11220,296,Medium,10/4/2025,8/25/2028,63,357,1,6,7,6,52.32,80.37,Low,4786
153,Edward,20,2781,Chennai,3,1,Female,Delivery,Vehicle,13599,308,High,11/18/2025,1/14/2027,23,171,6,5,5,9,79.64,86.36,Medium,3123
154,Tyler,68,3738,Kolkata,5,0,Other,Farmer,Property,14810,218,High,12/25/2024,1/1/2031,16,442,5,8,6,0,53.16,64.83,Low,3859
155,Chad,75,1543,Hyderabad,4,0,Female,Student,Health,13576,327,Medium,10/25/2021,8/10/2027,29,151,7,1,9,5,27.33,88.26,Low,1996
156,Wendy,75,4691,Delhi,3,0,Female,Student,Life,12000,109,High,8/13/2024,2/16/2025,31,282,0,8,0,5,0.99,8.41,Medium,5518
157,Charles,31,2919,Delhi,3,0,Other,Farmer,Health,7947,262,Medium,12/31/2022,3/3/2024,49,128,3,6,1,8,81.09,16.82,Low,3213
158,Allison,48,4385,Chennai,3,0,Other,Delivery,Vehicle,6399,325,Medium,6/9/2025,8/17/2027,109,482,3,2,0,2,76.64,62.43,Medium,5416
159,Misty,59,3890,Bangalore,5,0,Male,Office,Life,6735,30,Medium,10/21/2023,7/28/2028,52,118,10,8,6,7,35.47,10.31,Medium,4469
160,Stephanie,56,4575,Delhi,0,0,Male,Delivery,Life,0,,High,9/6/2025,2/21/2027,84,173,2,10,7,9,72.33,74.96,Low,5885
161,Maria,60,1849,Delhi,4,0,Female,Student,Vehicle,13576,289,Low,12/17/2024,7/1/2025,58,53,7,0,1,10,90.08,86.11,High,2197
162,Matthew,51,2803,Bangalore,4,1,Male,Office,Vehicle,8488,297,Medium,12/30/2022,7/11/2029,40,331,4,10,10,4,46.62,37.89,Low,2939
163,Austin,53,4968,Kolkata,5,0,Female,Teacher,Health,21390,199,Low,2/19/2026,6/19/2026,111,489,6,9,5,8,87.63,91.45,High,5051
164,Linda,69,3954,Bangalore,2,0,Other,Office,Vehicle,9420,263,Medium,8/7/2021,2/2/2024,44,150,3,10,10,4,79.9,32.35,Medium,4036
165,Matthew,60,4011,Chennai,5,0,Female,Delivery,Property,17050,188,Medium,5/12/2023,5/1/2027,72,169,6,5,4,7,37.42,25.7,Medium,3419
166,Krystal,55,3454,Bangalore,2,0,Female,Delivery,Health,2424,91,Medium,7/4/2025,4/12/2029,6,337,6,6,10,1,2.84,51.02,Low,4350
167,Crystal,27,1121,Hyderabad,5,0,Other,Office,Life,10300,205,Medium,2/3/2025,2/23/2030,80,475,9,10,3,6,44.65,97.06,Medium,1103
168,Rhonda,41,3812,Delhi,5,0,Other,Office,Life,8950,308,Medium,2/25/2026,12/14/2030,77,64,5,5,4,5,40.38,17.91,High,4179
169,Heather,54,1360,Chennai,5,1,Female,Engineer,Property,16300,361,Low,10/22/2024,8/9/2028,82,170,6,9,8,10,45.04,0.33,Low,1119
170,Brittany,61,2197,Delhi,3,0,Female,Delivery,Health,13794,8,Medium,1/14/2022,4/2/2029,106,108,6,0,6,9,71.95,88.79,Low,2126
171,Daniel,18,4113,Chennai,3,0,Other,Engineer,Health,1794,200,Medium,9/20/2023,11/7/2023,55,315,2,9,0,0,34.49,97.5,Low,4201
172,Bridget,21,4296,Bangalore,1,0,Female,Engineer,Life,652,346,High,7/3/2024,2/2/2029,93,384,1,7,4,6,35.45,16.18,Medium,4699
173,Amy,64,3099,Mumbai,2,1,Female,Delivery,Property,9844,81,High,5/22/2021,9/2/2022,78,390,2,0,9,2,22.68,98.53,High,2792
174,Sarah,30,4415,Chennai,0,0,Male,Office,Property,0,,Low,6/9/2024,12/29/2027,29,388,9,2,10,7,79.41,4.24,Low,3620
175,Nicholas,28,1337,Delhi,2,0,Female,Office,Health,9736,113,Low,12/3/2021,9/7/2029,119,54,8,1,4,4,75.82,4.29,Low,1547
176,Brenda,67,3888,Hyderabad,3,1,Female,Student,Vehicle,4191,109,Medium,11/26/2025,2/22/2029,105,332,1,1,1,3,7.09,13.04,Low,3132
177,Joshua,18,3899,Bangalore,2,1,Other,Delivery,Health,4816,144,High,11/18/2024,5/7/2030,99,496,4,8,4,7,66.54,58.52,Low,3570
178,Veronica,42,3775,Kolkata,4,0,Female,Delivery,Life,18028,257,Medium,4/10/2021,1/15/2023,17,220,5,3,10,7,64.66,89.13,Low,3226
179,Brianna,19,1466,Delhi,5,1,Female,Teacher,Life,20880,276,Medium,4/9/2022,5/14/2023,56,338,10,7,2,6,29.29,33.76,High,1274
180,John,39,4818,Chennai,4,0,Other,Teacher,Health,14916,342,Low,8/7/2022,4/2/2028,88,50,10,10,2,0,64.22,15.37,Low,4829
181,Andrew,71,4535,Delhi,2,1,Male,Student,Property,9916,175,Medium,2/6/2025,8/6/2029,85,304,6,9,8,6,38.23,30.58,Medium,5705
182,Larry,68,3816,Chennai,5,0,Male,Delivery,Vehicle,14545,29,High,8/24/2022,10/18/2030,87,82,10,8,2,3,68.11,34.38,High,3513
183,Brittany,72,3490,Kolkata,2,0,Other,Office,Property,3438,219,Medium,2/1/2025,1/13/2028,108,115,3,6,7,0,8.8,44.81,Low,3417
184,Katrina,54,1643,Kolkata,5,1,Female,Engineer,Life,21260,245,Low,3/12/2026,2/14/2030,53,258,4,6,9,1,99.6,10.65,Low,1608
185,Sydney,51,2058,Delhi,4,1,Male,Farmer,Property,19272,261,High,7/14/2022,1/4/2025,86,446,0,7,5,9,54.11,94.58,Low,2022
186,Suzanne,73,4943,Bangalore,0,0,Other,Farmer,Vehicle,0,,Medium,4/28/2025,11/28/2029,30,119,10,10,5,3,74.85,31.5,Medium,5695
187,Eric,63,3787,Delhi,4,0,Other,Farmer,Vehicle,10724,276,Low,8/20/2023,8/20/2029,53,354,5,3,5,5,12.07,16.64,High,3376
188,Andrew,19,3980,Delhi,3,0,Female,Teacher,Life,12753,65,Low,3/23/2024,8/9/2026,59,391,10,6,8,3,34.44,25.59,Low,4303
189,Jessica,22,1545,Kolkata,4,0,Female,Delivery,Life,15284,359,Low,7/23/2023,12/14/2030,115,207,1,8,8,5,34.73,58.67,High,1866
190,Andrew,45,4340,Kolkata,3,0,Male,Farmer,Vehicle,7809,343,Medium,8/29/2024,1/24/2030,58,92,7,2,9,0,22.45,91.38,Low,4329
191,Brittney,67,4770,Kolkata,4,0,Male,Student,Vehicle,10612,288,Low,6/15/2024,4/11/2028,109,131,1,2,9,7,99.98,73.36,Low,3920
192,Ashley,68,4021,Bangalore,1,0,Female,Teacher,Life,3509,96,High,9/2/2022,5/6/2027,102,362,9,1,0,1,62.3,12.21,High,4964
193,Mark,19,3305,Chennai,1,0,Male,Delivery,Health,1167,281,High,3/26/2025,7/2/2026,48,53,9,3,10,3,0.59,72.56,Low,3977
194,Melissa,38,1930,Mumbai,4,0,Other,Office,Vehicle,10200,41,Low,11/28/2025,3/6/2031,68,314,5,8,2,5,21.91,5.94,Low,2208
195,Seth,56,4683,Hyderabad,0,0,Female,Teacher,Vehicle,0,,High,2/13/2026,10/18/2028,117,116,9,4,2,5,95.86,53.81,High,4190
196,Sheila,21,4992,Bangalore,4,0,Male,Teacher,Vehicle,18392,51,High,4/5/2024,2/23/2029,76,372,6,9,1,3,14.54,86.14,Medium,4319
197,Steven,28,4682,Hyderabad,1,0,Other,Farmer,Vehicle,3707,260,Medium,5/27/2021,4/19/2026,86,396,1,2,1,1,91.6,1.06,Low,4706
198,Gina,54,2679,Delhi,5,0,Other,Student,Property,13860,304,Medium,9/5/2023,5/24/2027,22,180,10,9,5,5,72.74,58.58,Low,2151
199,Amy,66,3382,Delhi,3,0,Female,Office,Property,9612,25,Medium,8/19/2022,12/15/2022,6,467,5,7,5,4,32.01,80.41,Medium,4199
200,Kristin,40,2652,Bangalore,1,0,Other,Farmer,Property,1846,160,High,3/5/2025,5/5/2030,100,257,10,10,10,3,97.39,51.79,High,2383
201,Gregory,62,3618,Mumbai,5,0,Other,Office,Property,13620,97,Low,9/16/2023,12/3/2027,90,476,5,5,7,0,65.68,5.79,Low,3184
202,Cameron,33,4826,Hyderabad,0,0,Female,Office,Health,0,,Medium,6/21/2021,3/24/2022,56,57,9,4,1,0,71.32,84.33,High,4557
203,Nicholas,72,1856,Delhi,0,0,Male,Office,Vehicle,0,,Low,8/8/2022,9/6/2027,107,324,8,10,7,6,24.47,37.14,Medium,1587
204,Deborah,64,4256,Chennai,5,0,Male,Student,Vehicle,18930,52,Low,5/24/2024,8/27/2029,64,293,4,1,9,7,42.29,10.56,High,4235
205,Julian,37,1242,Bangalore,3,0,Female,Farmer,Life,8019,310,High,3/6/2025,8/2/2030,115,216,10,0,8,6,6.72,91.82,High,1017
206,Krista,22,4368,Mumbai,4,0,Other,Engineer,Health,18624,49,High,7/3/2022,3/6/2024,117,107,4,10,1,2,55.08,24.85,Low,5327
207,Sergio,18,1459,Kolkata,2,0,Female,Engineer,Vehicle,1728,52,Low,4/19/2024,5/11/2025,78,234,5,9,3,8,93.75,57.87,Low,1241
208,Anna,27,2924,Hyderabad,4,0,Female,Farmer,Health,18080,217,Medium,3/27/2025,9/29/2025,80,139,0,3,9,4,14.72,21.77,Low,3538
209,Maria,35,2211,Bangalore,2,0,Male,Delivery,Health,7066,320,Medium,10/3/2024,2/10/2026,105,439,1,4,5,1,46.66,3.07,Low,1924
210,Jon,41,3579,Kolkata,5,1,Female,Teacher,Health,9875,215,High,12/12/2022,7/2/2024,72,368,9,2,10,0,85.54,64.22,High,3427
211,Stephanie,56,4184,Bangalore,0,0,Male,Farmer,Health,0,,Medium,5/21/2021,3/8/2024,0,98,2,2,4,8,29.75,42.27,Low,3957
212,Alexander,49,4014,Delhi,3,0,Female,Engineer,Health,6678,290,Low,10/13/2023,4/1/2028,1,269,2,0,5,2,2.33,37.54,Low,3764
213,Larry,42,2275,Mumbai,0,1,Male,Engineer,Health,0,,Low,9/21/2024,10/19/2025,25,452,2,3,4,5,95.34,10.98,Low,2144
214,Jodi,24,1450,Kolkata,5,0,Male,Student,Life,9350,85,High,10/8/2023,2/23/2030,5,264,4,10,7,0,58.06,19.86,Low,1736
215,Alexander,49,4551,Delhi,1,0,Male,Student,Health,644,75,High,5/3/2023,12/20/2023,70,125,1,4,6,0,86.21,14.96,Medium,3748
216,Christopher,66,2009,Chennai,5,1,Female,Engineer,Health,21400,79,Low,2/6/2022,7/24/2026,7,209,2,1,6,0,89.46,55.9,Low,1939
217,Cindy,48,1764,Kolkata,5,0,Other,Office,Health,6295,231,Medium,7/8/2023,1/22/2026,42,499,3,1,10,7,18.45,12.95,Low,1524
218,Janet,63,2271,Bangalore,4,0,Female,Student,Health,11164,13,Low,11/13/2022,12/16/2022,18,287,0,9,6,2,9.43,18.87,Low,2643
219,Daniel,43,3984,Bangalore,4,0,Male,Engineer,Health,6196,193,High,10/8/2024,9/16/2030,80,69,8,7,5,6,49.3,33.79,Low,3949
220,Angela,28,3592,Bangalore,0,0,Other,Student,Property,0,,High,10/3/2024,10/13/2027,75,238,10,3,7,7,0.24,12.51,High,4095
221,Joy,48,3390,Bangalore,1,0,Male,Student,Vehicle,1406,115,Medium,7/19/2024,7/14/2029,106,295,6,0,2,7,73.95,70.13,Medium,3519
222,Shannon,29,2648,Mumbai,0,0,Male,Office,Property,0,,High,4/16/2021,7/29/2027,17,338,5,5,2,10,68.48,46.82,Low,2580
223,Christopher,58,1918,Hyderabad,5,0,Male,Delivery,Life,13445,59,Low,3/14/2026,1/5/2028,50,92,2,2,5,2,65.42,3.43,High,2100
224,Laurie,28,2166,Hyderabad,4,1,Female,Engineer,Life,12200,269,Low,2/18/2025,6/21/2027,85,153,2,1,6,0,1.27,30.43,Low,2145
225,David,37,4997,Chennai,4,0,Male,Office,Vehicle,15908,283,High,7/20/2021,11/24/2030,74,246,8,1,4,8,13.14,75.85,Low,4257
226,Kimberly,63,4976,Bangalore,4,0,Male,Engineer,Life,7448,38,High,8/31/2022,7/15/2028,47,325,7,8,0,10,34.29,78.49,Low,6175
227,John,24,3690,Kolkata,1,0,Male,Office,Property,3635,15,Medium,6/17/2022,11/3/2030,26,95,9,4,0,8,81.68,4.97,Low,4771
228,Audrey,74,4976,Chennai,5,0,Other,Engineer,Health,11605,227,High,3/14/2024,9/23/2024,24,452,3,5,8,6,88.82,55.61,Medium,5644
229,Stephanie,61,1203,Delhi,4,0,Male,Office,Life,3892,135,High,6/20/2024,12/23/2029,65,262,7,10,5,10,76.91,12.82,Low,1202
230,Emily,57,3635,Chennai,1,0,Male,Office,Health,3620,56,Low,3/21/2024,6/12/2030,64,329,2,5,10,1,96.99,64.02,Medium,3233
231,Andrew,64,2334,Kolkata,2,0,Other,Farmer,Property,9096,136,Low,5/28/2024,11/1/2030,5,480,1,9,7,2,77.55,90.52,Medium,2993
232,Amber,52,2268,Chennai,3,1,Female,Delivery,Health,10563,79,High,5/16/2021,4/10/2027,0,495,8,0,5,0,91.69,25.13,Low,2106
233,Nicholas,49,4878,Hyderabad,3,0,Female,Student,Vehicle,6912,18,Low,8/16/2022,10/28/2025,92,223,7,4,7,8,25.4,36.7,High,5637
234,Leslie,69,4889,Chennai,3,0,Female,Student,Health,8535,299,Medium,6/26/2023,4/20/2025,26,248,4,10,5,0,64.97,41.01,Low,5407
235,Karen,61,4519,Hyderabad,0,0,Other,Engineer,Vehicle,0,,High,3/5/2025,12/13/2028,53,305,1,4,1,4,5.77,95.95,Low,5862
236,Sarah,25,4820,Mumbai,1,0,Female,Student,Life,1663,174,Medium,6/1/2022,7/11/2028,66,384,5,6,4,8,97.12,81.55,Low,4539
237,Eric,69,2891,Mumbai,2,0,Other,Delivery,Property,1020,293,Low,1/1/2025,10/21/2025,91,231,1,3,5,5,0.7,24.75,Low,3509
238,Elizabeth,22,2070,Hyderabad,1,0,Other,Student,Health,754,356,Medium,11/26/2021,6/1/2025,62,97,0,1,8,2,89.48,6.57,Medium,2418
239,Diana,60,4130,Kolkata,4,0,Other,Teacher,Vehicle,17352,181,Low,2/7/2026,3/8/2030,51,206,4,8,10,8,48.02,52.7,Low,4705
240,Katherine,74,2847,Hyderabad,1,0,Male,Teacher,Life,704,187,High,1/10/2023,7/4/2028,77,140,7,8,3,6,51.35,50.93,Low,3590
241,Rodney,54,3843,Mumbai,3,0,Other,Delivery,Health,4920,273,Low,8/31/2024,1/4/2026,25,220,0,0,1,6,93.01,54.1,Low,3164
242,Timothy,31,1057,Delhi,2,0,Other,Farmer,Health,4334,249,High,1/23/2025,12/17/2025,64,391,9,7,4,8,61.31,29.37,Medium,1248
243,Miguel,29,2575,Chennai,0,0,Female,Farmer,Life,0,,Medium,2/6/2022,7/1/2027,84,58,2,2,7,3,52.65,84.06,Low,3154
244,Andrea,36,2981,Chennai,1,1,Male,Farmer,Life,2335,101,Medium,7/3/2022,12/8/2026,42,148,0,10,5,2,79.37,78.7,High,3531
245,Brian,65,1023,Kolkata,1,1,Other,Delivery,Life,2375,180,High,7/7/2023,9/1/2029,84,326,2,10,8,7,28.27,42.84,Low,1004
246,Catherine,57,4309,Kolkata,5,0,Male,Engineer,Life,7835,9,Low,5/16/2023,9/21/2030,29,120,3,2,4,7,69.09,73.99,Low,4766
247,Rodney,43,2135,Mumbai,0,0,Male,Student,Health,0,,Low,4/11/2024,9/6/2024,40,289,3,5,4,9,93.51,49.55,Low,2233
248,Angela,38,1913,Kolkata,4,0,Male,Teacher,Vehicle,16364,344,Low,5/16/2023,9/22/2030,43,165,7,9,0,7,23.1,28.87,High,2392
249,William,24,4802,Hyderabad,2,0,Female,Student,Vehicle,4856,219,Low,4/23/2023,4/2/2028,56,85,5,4,5,7,69.33,3.93,Low,5712
250,Lynn,41,1863,Delhi,4,0,Female,Student,Property,13548,111,Low,5/25/2024,8/16/2026,109,136,6,8,6,9,39.74,15.13,Low,2065
251,Holly,27,4475,Bangalore,2,0,Male,Teacher,Vehicle,5906,358,High,6/12/2023,4/1/2028,95,337,2,9,2,9,68.1,64.48,Medium,4092
252,Rachel,59,2982,Chennai,3,0,Other,Engineer,Life,10083,33,High,10/31/2025,3/6/2027,32,210,7,1,6,5,71.8,29,Low,3455
253,Ashley,18,4186,Kolkata,2,1,Female,Teacher,Property,3742,91,High,1/27/2023,6/5/2027,12,478,4,2,0,10,99.37,36.27,High,5186
254,Kendra,35,1393,Hyderabad,0,0,Other,Student,Vehicle,0,,Medium,7/16/2021,12/3/2021,28,340,2,5,3,4,35.86,48.31,Medium,1774
255,Kelsey,59,3784,Chennai,1,1,Other,Teacher,Life,706,352,Low,6/26/2023,4/18/2025,21,337,10,7,9,10,98.34,98.05,High,4340
256,Pamela,27,2298,Hyderabad,1,1,Male,Delivery,Vehicle,506,40,High,10/25/2023,3/27/2026,16,466,0,7,4,0,70.33,60.27,High,1980
257,Sheri,22,3036,Chennai,2,0,Male,Office,Life,9090,67,High,2/3/2024,5/11/2026,68,227,1,6,0,4,64.91,44.95,Low,3261
258,Lisa,61,1508,Hyderabad,2,1,Other,Delivery,Vehicle,2432,157,Low,12/1/2024,11/12/2025,10,154,2,6,7,10,41.02,61.47,Medium,1285
259,Timothy,43,1431,Hyderabad,5,0,Female,Student,Health,4240,56,Medium,9/29/2021,8/17/2024,58,266,6,9,2,10,66.09,83,Medium,1836
260,Molly,29,1716,Mumbai,0,1,Female,Teacher,Life,0,,Low,2/4/2023,4/12/2027,8,286,0,8,10,1,60.74,40.29,Low,2118
261,Cheryl,65,4890,Hyderabad,3,1,Female,Engineer,Vehicle,2868,111,Low,7/10/2022,3/6/2030,112,473,0,10,2,3,54.25,99.91,Low,6151
262,Tyrone,19,3331,Bangalore,2,0,Female,Office,Vehicle,9014,203,High,1/18/2022,7/8/2027,11,348,6,6,2,6,65.14,99.53,Medium,3979
263,Melissa,54,4766,Hyderabad,1,0,Other,Delivery,Vehicle,3177,316,Low,7/26/2022,9/25/2027,14,313,7,0,4,8,88.83,52.97,Low,5207
264,Kevin,18,4232,Kolkata,1,0,Female,Office,Property,4997,194,Low,11/25/2021,7/12/2025,109,93,10,3,7,10,86.07,92.24,Low,3896
265,Christopher,46,3132,Chennai,0,1,Female,Engineer,Property,0,,Low,6/23/2024,2/17/2025,43,176,6,7,9,4,7.12,48.09,Low,3090
266,Ronald,31,3948,Chennai,2,0,Male,Teacher,Property,1838,343,Medium,3/1/2022,11/10/2025,81,402,10,9,9,10,77.28,10.39,Low,4965
267,Connor,72,3512,Mumbai,0,1,Male,Student,Property,0,,High,11/1/2021,5/14/2022,32,343,1,1,6,3,92.44,27.71,Medium,3530
268,Zachary,23,2464,Chennai,0,0,Other,Student,Property,0,,High,5/3/2024,8/5/2028,84,299,3,7,5,2,14.18,11.93,Low,2823
269,Ethan,25,2140,Chennai,3,0,Female,Teacher,Life,7146,337,High,11/27/2022,2/28/2030,65,452,3,1,10,8,20.12,80.11,Medium,2600
270,Daniel,63,4934,Kolkata,1,0,Female,Student,Property,947,245,Low,12/4/2021,2/23/2030,119,453,0,1,10,5,44.82,12.39,Medium,5566
271,Angela,46,1275,Bangalore,4,0,Female,Office,Life,8316,228,Low,7/22/2023,3/18/2026,114,359,7,6,9,4,8.36,74.09,Medium,1021
272,Austin,62,4696,Chennai,2,0,Other,Engineer,Property,6178,239,Low,10/19/2022,4/6/2026,56,95,7,3,0,4,20.69,55.06,Low,4681
273,Matthew,25,4004,Delhi,4,1,Female,Farmer,Vehicle,4112,349,High,9/29/2025,7/11/2030,32,450,8,9,0,4,43.06,16.67,Low,3596
274,Richard,40,4222,Kolkata,3,1,Female,Delivery,Life,6453,222,Medium,6/30/2022,8/10/2027,107,440,0,10,0,4,91.38,46.15,Low,5049
275,Jessica,73,2877,Kolkata,0,0,Other,Student,Vehicle,0,,High,10/5/2025,5/3/2029,120,284,5,10,4,6,90.02,43.96,Low,2857
276,Angela,43,3402,Hyderabad,1,0,Female,Teacher,Vehicle,968,197,Medium,9/19/2023,4/4/2030,14,104,1,3,3,3,33,92.02,High,4126
277,Natalie,25,2945,Mumbai,4,0,Other,Office,Health,13652,21,High,9/26/2022,12/18/2025,28,382,10,8,9,7,4.37,58.66,High,2549
278,Cameron,46,2920,Bangalore,2,0,Other,Office,Vehicle,4952,105,High,7/24/2022,2/10/2024,88,367,1,6,3,0,90.3,36.01,Low,3547
279,Jason,38,3292,Chennai,5,0,Male,Office,Health,16865,166,Medium,1/14/2025,7/16/2028,73,197,4,9,6,10,19.32,36.63,Low,3185
280,Jose,65,3163,Bangalore,2,0,Male,Office,Vehicle,1546,215,Low,3/16/2022,3/13/2023,22,456,5,3,0,2,68.49,99.51,Low,3064
281,Christy,52,4373,Mumbai,4,0,Other,Delivery,Property,15176,48,High,11/21/2022,8/18/2026,78,214,2,9,1,3,7.74,89.92,Low,4656
282,Christine,39,3547,Chennai,0,1,Other,Office,Health,0,,High,6/17/2021,7/19/2027,115,59,1,3,1,0,82.88,47.84,High,4152
283,Shelly,63,3595,Kolkata,1,0,Male,Farmer,Life,2197,47,High,1/17/2023,4/13/2023,60,166,10,9,7,4,4.41,89.83,Low,3198
284,Adam,43,2520,Mumbai,2,0,Male,Teacher,Property,9796,309,Low,7/4/2021,12/12/2028,35,421,1,8,8,5,87.87,41.17,Low,3247
285,John,34,3884,Mumbai,1,0,Male,Delivery,Vehicle,4556,277,Low,10/6/2022,5/1/2024,101,110,9,7,2,2,70.52,30,Low,3671
286,Matthew,73,2487,Bangalore,4,0,Other,Student,Life,11996,200,Low,11/28/2025,3/6/2027,40,353,5,0,10,7,72.32,16.8,Medium,2352
287,Amy,52,3218,Chennai,3,1,Other,Teacher,Property,8652,181,Medium,9/14/2023,1/19/2027,14,494,8,8,0,9,14.1,53.99,Medium,3601
288,Benjamin,23,2503,Bangalore,0,0,Female,Teacher,Health,0,,Low,6/2/2021,11/1/2026,70,479,4,3,8,6,76.32,60.13,Medium,2806
289,Antonio,21,1883,Delhi,5,1,Male,Teacher,Vehicle,10020,176,Medium,9/12/2024,8/23/2029,92,197,6,4,7,2,78.7,18.6,Low,2330
290,Bruce,73,2740,Hyderabad,3,0,Female,Farmer,Property,5217,99,High,1/16/2024,4/8/2025,4,96,0,10,3,9,18.48,37.08,Medium,2948
291,Katherine,50,4986,Hyderabad,2,0,Female,Engineer,Life,1640,8,High,3/16/2025,7/25/2030,83,409,10,3,0,7,82.88,6.35,Medium,4592
292,Eric,44,4810,Mumbai,5,0,Female,Engineer,Health,16065,304,Low,11/3/2021,4/1/2028,85,461,5,10,0,8,55.58,2.67,Low,5480
293,Tamara,47,4174,Chennai,2,0,Female,Delivery,Life,1270,140,Low,3/14/2026,3/13/2028,38,63,5,8,6,7,57.63,41.19,Medium,4239
294,Pamela,47,4657,Bangalore,0,0,Male,Teacher,Vehicle,0,,High,11/1/2023,5/15/2026,23,298,6,6,10,8,22.1,81.76,Low,5167
295,David,55,1563,Delhi,1,1,Female,Student,Vehicle,4055,124,Medium,12/5/2025,6/20/2030,89,149,5,4,5,3,35.08,89.92,Medium,1349
296,Benjamin,54,3928,Chennai,3,0,Other,Engineer,Vehicle,3000,78,Medium,12/16/2023,8/11/2027,34,310,6,6,10,4,66.75,90.44,Medium,4457
297,Michelle,18,2522,Hyderabad,4,1,Other,Teacher,Property,5056,318,High,8/11/2023,11/3/2028,68,242,3,7,7,3,30.66,3.08,High,3081
298,Joseph,18,3142,Bangalore,3,0,Male,Office,Property,11004,173,Low,3/30/2021,1/27/2031,19,115,2,8,5,9,43.56,75.52,Low,4034
299,Christine,50,1861,Chennai,2,0,Other,Engineer,Property,8368,242,High,6/9/2021,5/5/2029,81,349,1,3,4,6,29.3,32.03,Low,1918
300,Aaron,34,2307,Delhi,5,1,Male,Farmer,Property,5360,163,Low,11/22/2023,1/10/2030,41,390,4,9,2,1,90.49,11.82,Low,2365
301,Matthew,36,4563,Delhi,1,0,Other,Farmer,Life,3662,66,Medium,6/18/2024,8/19/2030,102,254,9,4,2,5,90.9,76.03,Medium,5538
302,James,26,1099,Mumbai,1,1,Male,Student,Health,2957,111,High,1/24/2024,9/17/2026,16,341,9,5,1,10,70.27,95.08,Low,1201
303,Robert,45,3545,Bangalore,5,0,Female,Farmer,Vehicle,12050,27,Medium,2/7/2026,8/12/2028,34,247,0,0,9,2,69.96,19.48,High,4536
304,Lauren,29,4948,Hyderabad,4,0,Other,Office,Health,18160,107,Low,3/17/2022,10/21/2027,22,453,0,8,3,0,59.54,15.34,Medium,4592
305,Jason,47,3861,Mumbai,1,0,Female,Student,Property,1993,218,Low,7/28/2021,8/19/2028,113,174,7,9,8,8,91.44,32.81,Low,4761
306,Joseph,34,2938,Hyderabad,3,1,Male,Office,Property,4920,164,High,11/8/2023,4/9/2028,18,202,2,1,4,10,9.39,30.27,Low,3172
307,Kristin,74,4252,Bangalore,4,0,Other,Student,Life,4636,52,Medium,11/8/2022,6/30/2026,30,244,0,8,5,7,87.36,80.81,Low,4532
308,Gregory,66,2905,Hyderabad,3,1,Other,Engineer,Property,7425,275,High,1/1/2025,5/7/2030,11,209,5,8,7,7,55.7,56.97,High,3739
309,Jessica,30,1425,Kolkata,5,1,Other,Delivery,Health,4490,92,Medium,10/21/2024,5/11/2025,112,319,3,5,2,0,21.93,8.94,Medium,1375
310,Taylor,20,2255,Chennai,3,0,Other,Student,Life,12363,53,Medium,4/6/2022,10/27/2023,75,116,3,1,1,10,97.23,71.57,Low,2873
311,Nicholas,47,1069,Bangalore,0,0,Female,Delivery,Life,0,,Low,4/18/2023,11/6/2027,23,153,6,6,9,10,84.07,56.59,High,1340
312,Logan,69,2877,Bangalore,1,1,Other,Office,Property,4454,59,Low,11/10/2025,2/2/2030,34,307,0,1,5,7,75.57,87.9,Low,3354
313,Kristin,37,3126,Mumbai,3,1,Male,Engineer,Life,1638,271,High,10/23/2021,9/11/2025,10,268,2,3,10,6,36.71,85.14,Low,4062
314,Andrew,65,1875,Delhi,1,0,Female,Engineer,Vehicle,2812,365,High,6/24/2021,12/16/2030,98,236,3,6,1,7,84.92,23.1,Low,2243
315,Donald,20,3358,Chennai,1,0,Other,Office,Vehicle,4374,318,Low,3/11/2022,6/18/2029,4,209,7,10,3,0,85.86,34.3,High,3569
316,Jack,53,4832,Mumbai,3,0,Female,Student,Life,9300,299,High,9/28/2025,2/19/2028,6,396,0,4,7,6,58.01,16.9,Low,5960
317,Vicki,25,1949,Bangalore,1,1,Male,Student,Life,4220,14,Medium,10/9/2023,5/1/2027,83,356,2,8,8,2,63.16,71.58,Medium,1560
318,Lacey,33,4765,Kolkata,3,0,Other,Student,Vehicle,7056,29,High,11/20/2025,3/31/2027,22,324,1,0,9,4,29.88,76.09,Medium,3915
319,Donna,49,3524,Mumbai,1,0,Female,Delivery,Life,3440,200,Medium,8/29/2024,5/19/2027,55,97,4,0,9,1,23.48,62.15,Low,2948
320,Peter,41,2093,Kolkata,0,1,Male,Delivery,Health,0,,Medium,1/22/2022,3/29/2031,98,234,2,3,5,7,2.95,22.79,Low,1690
321,Jamie,18,1540,Hyderabad,3,0,Other,Delivery,Health,5253,288,Low,3/11/2023,4/28/2027,101,471,7,1,3,1,1.59,5,Medium,1670
322,Elizabeth,65,3241,Delhi,5,0,Female,Student,Life,3630,173,Medium,11/17/2021,11/23/2029,116,141,9,10,3,0,82.33,99.86,High,2694
323,Brittany,63,3684,Chennai,4,0,Other,Engineer,Health,17724,336,High,7/3/2021,10/23/2025,9,115,0,2,3,2,66.71,77.85,Low,3771
324,Heidi,35,4941,Mumbai,1,0,Male,Delivery,Life,999,20,High,2/1/2025,7/7/2030,96,407,2,2,0,4,68.64,28.81,Low,5435
325,Gregory,50,3111,Mumbai,0,1,Female,Farmer,Health,0,,Medium,12/19/2023,12/16/2025,21,333,9,8,9,4,86.82,97.75,Low,3683
326,Sharon,53,4798,Kolkata,3,0,Male,Student,Health,8331,343,High,1/7/2022,8/26/2023,59,224,10,4,7,6,71.99,51.93,Medium,5882
327,Jeffrey,32,4955,Mumbai,0,0,Male,Office,Health,0,,Low,8/29/2025,6/24/2026,91,345,4,10,5,3,68.17,92.15,Medium,5841
328,Matthew,55,1919,Kolkata,5,0,Female,Office,Health,24765,94,High,10/19/2023,9/4/2029,93,223,2,3,3,8,11.38,50.79,High,1881
329,Gene,38,3479,Delhi,0,0,Female,Student,Property,0,,High,5/6/2021,1/19/2028,70,487,2,3,5,9,41.44,14.96,Low,3792
330,Spencer,65,2285,Hyderabad,5,0,Female,Delivery,Life,12405,276,Medium,2/25/2024,5/24/2025,33,283,6,6,3,7,6.43,32.3,Low,2662
331,Noah,30,2845,Mumbai,0,0,Male,Student,Property,0,,Medium,7/8/2025,3/30/2026,111,287,7,3,10,6,16.01,82.15,High,2747
332,Jeremy,21,4724,Hyderabad,1,0,Male,Student,Property,1256,342,Medium,8/9/2023,6/3/2024,56,143,8,0,9,2,62.07,76.63,High,4045
333,Sean,33,3064,Chennai,1,0,Other,Teacher,Property,577,205,Low,6/3/2023,11/20/2029,50,52,7,1,5,0,59.01,28.12,High,3087
334,Kimberly,40,4580,Bangalore,5,0,Female,Farmer,Life,2915,288,Low,4/28/2023,11/30/2025,40,464,7,4,1,7,26.35,12.28,High,4969
335,Susan,19,1758,Chennai,1,1,Other,Engineer,Health,4590,275,Medium,10/10/2023,3/19/2029,75,373,4,1,7,5,88.13,17.88,Low,1717
336,Adam,68,4958,Kolkata,2,1,Other,Engineer,Life,5034,136,Medium,4/24/2022,8/15/2027,68,497,0,8,3,4,89.14,84.77,Low,5718
337,John,39,3315,Kolkata,4,1,Female,Teacher,Health,4632,207,Medium,8/3/2024,8/10/2029,99,182,4,6,3,1,75.47,76.68,Medium,3977
338,David,33,1828,Mumbai,2,0,Male,Student,Vehicle,8270,5,Low,10/6/2024,3/24/2025,18,377,10,10,5,6,61.9,88.77,Low,2084
339,Eric,30,1106,Bangalore,5,0,Other,Teacher,Vehicle,20570,61,Low,8/12/2025,9/22/2029,67,333,5,6,9,5,82.13,67.93,Low,1372
340,Bernard,30,4705,Delhi,1,0,Other,Office,Vehicle,867,191,Low,4/11/2024,6/2/2024,38,239,9,7,8,2,64.2,92.9,Medium,5316
341,Michele,21,3296,Bangalore,5,0,Male,Delivery,Vehicle,16705,101,High,9/14/2024,2/1/2028,77,102,5,4,1,2,0.72,32.94,Low,2876
342,Wendy,46,3143,Delhi,2,0,Male,Delivery,Life,7258,102,High,4/16/2025,10/26/2025,9,161,3,2,8,6,23.14,32.14,Low,2850
343,Jennifer,52,4671,Mumbai,4,0,Female,Student,Vehicle,10512,306,Low,11/27/2024,2/11/2031,102,185,1,3,8,9,4.92,93.58,Medium,4952
344,Erik,26,2222,Mumbai,5,0,Other,Engineer,Vehicle,18515,25,High,9/20/2024,12/11/2025,3,121,0,8,4,7,54.07,14.13,Medium,2322
345,Erin,69,2335,Chennai,5,0,Female,Farmer,Vehicle,18090,307,Low,3/19/2022,2/5/2027,108,463,0,7,0,6,1.76,96.18,Low,2515
346,Alejandra,46,1128,Mumbai,4,0,Other,Teacher,Vehicle,2308,313,Low,2/7/2025,12/8/2029,101,279,5,5,9,1,2.52,22.09,Medium,1108
347,Robert,65,2070,Mumbai,2,0,Male,Farmer,Property,8156,14,Low,9/4/2022,12/12/2028,116,74,0,3,4,7,34.03,30.35,High,2159
348,Andrew,36,3805,Delhi,0,0,Male,Student,Property,0,,High,12/26/2022,1/10/2026,117,445,6,4,4,7,1.64,22.49,Low,4354
349,Lauren,25,1439,Mumbai,1,1,Female,Engineer,Vehicle,840,18,Low,1/13/2025,7/11/2030,54,458,6,2,9,2,74.78,92.74,Low,1288
350,Marcia,19,4497,Mumbai,0,0,Male,Engineer,Property,0,,High,1/26/2024,3/25/2030,36,469,10,8,9,2,37.15,18.09,High,3754
351,Jane,71,4503,Kolkata,5,0,Other,Engineer,Health,14715,228,High,5/8/2024,6/1/2029,50,209,1,0,10,1,75.49,61.99,Low,5305
352,Kevin,51,1994,Kolkata,5,0,Female,Office,Property,5060,60,Medium,11/9/2025,12/6/2030,53,209,3,5,0,6,50.42,85.94,High,2247
353,Gary,53,1393,Chennai,5,0,Male,Teacher,Vehicle,24540,41,Medium,1/27/2024,10/9/2025,13,120,4,5,6,10,47.66,84.65,Low,1680
354,Sandra,33,1067,Kolkata,2,0,Other,Engineer,Health,9928,355,Medium,2/22/2024,6/14/2030,113,134,1,1,9,3,70.31,5.31,Low,983
355,Frank,18,3854,Mumbai,2,0,Other,Farmer,Vehicle,2498,239,Medium,2/21/2023,6/22/2030,4,265,10,7,1,10,14.73,39.79,Low,3556
356,Emily,22,2869,Chennai,5,0,Male,Teacher,Life,6605,41,Medium,9/17/2023,1/11/2031,26,462,1,4,7,10,16.67,77.29,High,2835
357,Brian,66,4116,Chennai,1,1,Male,Student,Property,3824,46,Low,8/19/2024,10/19/2030,95,275,10,5,3,5,71.54,87,High,4256
358,Jessica,42,3355,Kolkata,3,0,Female,Delivery,Life,5550,259,Low,4/11/2022,10/7/2027,49,138,8,9,9,7,34.27,56.19,Low,4193
359,Lawrence,67,4721,Kolkata,4,0,Other,Teacher,Health,17444,23,High,1/17/2025,8/19/2027,69,83,6,6,0,10,20.55,21.61,Medium,4254
360,Nathaniel,30,4116,Kolkata,1,0,Male,Student,Property,4191,204,Medium,6/25/2024,11/2/2024,114,346,7,2,4,10,19.55,23.33,Low,4400
361,Shawn,38,1916,Chennai,1,0,Male,Delivery,Life,4106,317,Low,5/19/2025,9/17/2030,10,465,1,7,2,2,43.89,3.55,Medium,1928
362,Diana,26,3472,Delhi,3,1,Male,Teacher,Health,8466,206,Medium,3/14/2022,2/2/2027,14,318,8,7,4,8,37.56,72.58,Low,3521
363,Carl,60,1132,Delhi,4,0,Other,Teacher,Health,4432,356,Low,1/8/2026,11/19/2026,39,116,3,2,8,5,68.39,61.91,High,1366
364,Katherine,66,2776,Mumbai,5,0,Other,Engineer,Vehicle,6635,165,High,4/4/2022,3/4/2024,38,362,7,0,2,8,33.58,79.62,High,2700
365,Henry,21,4539,Mumbai,5,1,Other,Student,Vehicle,23765,214,High,7/23/2023,10/9/2026,102,300,9,9,0,3,0.56,85.46,Low,5329
366,Janet,69,2786,Mumbai,2,0,Male,Teacher,Property,1180,163,High,8/26/2023,10/22/2025,16,435,10,1,2,4,67.13,12.44,High,3232
367,Abigail,19,3313,Mumbai,2,1,Other,Engineer,Life,5374,143,Medium,5/17/2025,6/8/2027,64,341,1,0,10,8,59.61,16.99,Medium,3086
368,Sharon,26,3162,Chennai,2,0,Other,Student,Life,8396,330,Medium,7/10/2025,5/22/2030,106,478,5,7,9,2,9.5,16.52,Low,3648
369,Shawn,68,1216,Delhi,2,1,Female,Teacher,Vehicle,5074,122,Low,8/30/2022,9/15/2027,43,469,7,7,9,6,92.92,89.91,Low,1472
370,Christopher,59,3656,Bangalore,4,0,Male,Delivery,Property,18244,111,Low,10/12/2023,11/10/2024,46,348,5,9,5,7,97.34,18.78,Medium,3452
371,Nicholas,33,2481,Delhi,4,0,Other,Delivery,Vehicle,7392,275,High,11/1/2023,7/25/2024,83,246,9,8,0,8,36.59,81.99,Low,2791
372,Debra,63,1008,Hyderabad,3,1,Other,Farmer,Health,3117,90,High,7/9/2023,9/2/2030,95,463,9,6,0,8,14.18,17.29,Medium,1127
373,Juan,61,1206,Delhi,1,0,Male,Teacher,Health,3072,310,Low,7/3/2021,7/3/2028,43,371,0,5,7,3,48.63,33.86,Medium,1563
374,Corey,70,2894,Mumbai,1,1,Female,Office,Property,1250,28,Medium,4/11/2022,2/26/2028,3,278,10,3,0,6,47.66,19.83,Low,3154
375,James,24,2713,Mumbai,1,1,Other,Office,Life,1845,294,Medium,10/30/2025,4/22/2028,14,52,4,1,2,9,20.37,63.85,Low,3332
376,Nathan,52,1108,Chennai,0,1,Female,Teacher,Health,0,,High,8/1/2021,8/18/2024,12,185,5,5,10,1,59.77,18.59,Medium,1128
377,Justin,54,2733,Chennai,1,0,Other,Teacher,Life,1766,355,High,9/19/2021,6/7/2024,106,236,2,1,8,3,20.29,44.31,Medium,2276
378,Wendy,58,4225,Delhi,0,0,Male,Teacher,Property,0,,Medium,6/11/2022,10/10/2030,44,157,8,3,3,9,35.85,96.18,Low,4208
379,Marissa,65,4529,Kolkata,2,0,Other,Delivery,Property,3796,86,Medium,4/10/2022,11/7/2022,27,109,9,2,10,4,49.02,37.52,Low,5487
380,Maria,36,3527,Hyderabad,1,0,Male,Engineer,Property,3857,123,Medium,2/9/2023,9/17/2030,104,214,7,3,3,10,90.41,49.44,High,3985
381,Christian,23,2789,Bangalore,3,0,Other,Teacher,Property,2295,197,High,9/15/2023,11/13/2024,47,494,7,4,9,9,0.12,98.76,High,3323
382,Steven,20,2419,Mumbai,4,0,Female,Delivery,Life,19248,265,High,6/17/2021,10/7/2027,107,261,5,4,1,7,90.9,76.4,High,2655
383,Angela,51,3259,Chennai,1,0,Other,Farmer,Health,3439,362,High,5/7/2021,2/14/2029,70,365,0,4,1,0,56.62,97.3,High,3646
384,Shannon,46,4587,Bangalore,4,0,Male,Farmer,Health,10400,343,Low,2/20/2022,12/12/2023,119,445,10,10,9,2,63.86,52.23,Low,4866
385,Hannah,56,4529,Kolkata,2,1,Other,Engineer,Vehicle,5630,47,Low,1/19/2026,2/13/2027,50,302,8,6,10,8,72.42,87.21,Low,4543
386,Dominique,65,3799,Kolkata,4,0,Female,Teacher,Property,2344,54,Medium,8/3/2023,4/11/2026,26,233,8,5,3,8,29.36,14.91,Low,3101
387,Cameron,59,1721,Delhi,4,0,Female,Teacher,Life,16900,354,High,4/9/2023,6/25/2030,77,249,6,0,4,3,62.09,49.43,Medium,1851
388,Christine,61,1104,Chennai,1,0,Male,Delivery,Health,1618,50,Low,8/3/2021,9/12/2028,67,485,2,4,9,10,15.99,59.22,Low,1226
389,Justin,36,4011,Bangalore,5,1,Male,Delivery,Property,21655,315,Medium,5/15/2021,11/7/2025,9,319,4,9,9,9,93.82,17.95,Low,4551
390,David,63,4406,Hyderabad,4,1,Male,Office,Life,8456,285,Medium,9/9/2024,2/3/2031,0,329,1,5,3,5,53.09,4.83,Low,4574
391,Jason,67,4362,Delhi,0,0,Other,Delivery,Life,0,,Medium,8/1/2024,1/5/2030,95,447,7,9,3,5,22.87,1.45,Medium,5264
392,Matthew,19,2885,Bangalore,0,1,Female,Engineer,Health,0,,Medium,7/12/2025,12/13/2025,74,131,10,10,8,7,31.19,10.59,Low,2557
393,Ryan,62,4152,Kolkata,2,1,Female,Delivery,Health,9730,4,Low,7/9/2021,12/11/2027,112,260,8,10,1,4,57.57,2.77,Medium,4951
394,Reginald,29,4168,Chennai,5,0,Female,Farmer,Property,5950,278,Low,5/28/2023,4/1/2028,72,135,9,1,8,3,1.52,1.77,Medium,4964
395,Gary,22,1544,Mumbai,5,1,Male,Engineer,Life,6895,302,High,9/14/2024,1/13/2026,103,259,7,4,4,4,37.93,27.03,Low,1758
396,Cindy,57,1858,Chennai,1,0,Female,Teacher,Vehicle,4632,350,Medium,11/29/2024,1/14/2028,92,167,8,9,8,9,93.22,1.98,Medium,1768
397,Daniel,37,3489,Bangalore,4,1,Other,Delivery,Life,9012,210,Medium,8/12/2022,8/2/2026,120,288,3,1,9,4,69.66,59.23,Low,3276
398,Lauren,21,4032,Delhi,2,0,Male,Teacher,Vehicle,4014,185,High,6/14/2022,6/1/2024,8,387,0,10,3,1,13.18,89.97,Low,3934
399,Ronald,30,1300,Bangalore,5,0,Other,Student,Vehicle,24445,78,Low,3/15/2022,1/2/2025,84,345,6,4,1,3,4.48,87.11,Low,1523
400,Marissa,22,1581,Chennai,2,0,Other,Engineer,Health,8154,63,High,8/3/2025,10/19/2027,74,354,10,3,1,3,30.67,57.46,Medium,1426
401,Kent,72,3313,Hyderabad,1,0,Other,Farmer,Vehicle,645,297,Medium,7/15/2022,5/31/2027,13,460,10,8,0,1,34.42,62.66,Low,3234
402,Michael,45,3393,Kolkata,2,0,Female,Student,Health,4342,250,High,9/11/2023,3/10/2031,42,126,4,8,0,7,2.82,19.93,Low,2926
403,Jerry,44,1714,Chennai,1,0,Other,Office,Property,580,358,Low,3/15/2023,12/14/2029,33,357,8,8,0,3,88.33,2.61,Medium,2050
404,Crystal,19,2916,Delhi,2,0,Other,Delivery,Property,7948,348,High,7/15/2023,3/6/2024,52,158,9,3,4,4,19.89,83.74,Low,2580
405,Nicole,70,2679,Delhi,2,0,Male,Teacher,Property,9278,250,Low,12/16/2021,11/4/2025,15,110,9,9,2,10,20.14,92.14,Medium,2394
406,Vanessa,28,4587,Bangalore,2,0,Male,Teacher,Property,4648,249,Low,3/22/2025,3/26/2027,7,188,0,7,6,4,77.48,51.15,Low,4766
407,Jeanette,48,1693,Kolkata,1,0,Female,Office,Vehicle,1341,103,High,9/16/2024,8/28/2025,27,329,4,3,2,3,19.36,57.53,Low,1558
408,Andrew,36,2881,Hyderabad,3,1,Male,Teacher,Health,8835,36,Medium,1/25/2022,5/24/2025,19,477,1,6,6,6,43.67,61.56,Low,2912
409,Barbara,47,2387,Bangalore,4,0,Female,Engineer,Property,10428,188,Low,2/1/2024,9/21/2026,4,357,10,9,7,0,9.79,66.92,Medium,2652
410,Jonathan,49,1406,Kolkata,5,0,Other,Delivery,Health,19305,26,Medium,10/4/2025,2/21/2026,47,239,3,3,10,7,59.44,1.73,Low,1398
411,David,70,2454,Kolkata,3,0,Other,Office,Vehicle,9882,279,Low,10/7/2022,7/11/2029,23,144,7,7,7,6,51.97,77.51,Low,2573
412,Kristen,25,4012,Chennai,3,0,Other,Student,Life,7272,244,Medium,7/17/2025,3/8/2029,79,107,1,7,8,5,27.2,0.74,Medium,4772
413,Thomas,59,4640,Bangalore,5,0,Other,Delivery,Health,8055,55,Low,4/12/2024,7/15/2026,72,443,4,4,5,0,96.6,69.76,Low,4762
414,James,34,1020,Bangalore,3,0,Other,Teacher,Property,13566,91,Low,10/3/2025,8/7/2030,92,301,0,10,2,7,17.74,46.91,Low,920
415,Amber,54,4122,Mumbai,2,0,Other,Teacher,Vehicle,7812,309,Low,7/31/2025,10/24/2027,14,407,4,2,9,10,77.04,52.16,Medium,4601
416,Brandy,60,4433,Delhi,5,0,Other,Farmer,Property,11475,353,High,11/26/2021,5/9/2029,97,60,5,6,2,0,83.77,78.07,Medium,4742
417,Kathleen,42,4932,Hyderabad,2,1,Female,Farmer,Health,1860,272,Medium,10/16/2025,6/6/2026,52,261,2,3,8,10,46.88,95.78,High,5459
418,Gina,75,3952,Bangalore,0,0,Other,Farmer,Property,0,,Low,3/2/2022,9/26/2026,59,340,7,4,4,3,32.38,46.06,Low,3260
419,Andrea,66,3755,Kolkata,3,0,Other,Engineer,Property,5742,289,High,1/7/2025,9/6/2028,2,411,9,7,3,8,12.1,21.02,Low,4022
420,Daniel,18,4802,Hyderabad,5,0,Female,Farmer,Health,9940,286,Low,5/11/2024,6/21/2025,101,444,8,4,2,5,79.22,79.98,High,5132
421,Teresa,33,3075,Chennai,5,1,Male,Engineer,Property,20420,39,High,12/7/2022,10/23/2023,57,406,1,10,5,0,80.62,6.57,Medium,3199
422,Jennifer,52,1588,Mumbai,5,0,Other,Teacher,Vehicle,9430,12,Low,9/11/2025,3/23/2028,3,347,0,9,1,0,53.3,49.94,Low,1308
423,Cameron,59,1911,Kolkata,1,0,Female,Student,Life,3583,299,Medium,6/13/2021,6/12/2030,85,61,10,2,2,0,85.4,38.86,Low,1833
424,John,75,4698,Bangalore,3,0,Male,Teacher,Life,14958,144,High,3/7/2023,11/22/2027,118,184,8,5,3,5,93.54,69.51,Low,5357
425,Lisa,27,2528,Hyderabad,0,0,Other,Student,Life,0,,Low,8/1/2021,8/28/2022,117,403,1,3,3,7,2.47,4.92,Medium,2061
426,Michael,53,2284,Delhi,0,0,Other,Student,Health,0,,High,3/28/2023,5/4/2027,71,213,7,3,3,7,97.33,1.85,High,2852
427,Juan,59,1668,Kolkata,4,0,Male,Delivery,Health,10528,212,High,5/31/2024,8/6/2024,82,346,7,8,10,9,4.23,94.61,Medium,1425
428,Nicole,39,4732,Delhi,0,0,Female,Office,Property,0,,Low,7/15/2023,7/13/2028,12,296,7,0,4,5,15.2,10.35,Low,4051
429,Sara,72,4452,Chennai,0,1,Male,Teacher,Vehicle,0,,Low,9/30/2024,4/25/2025,82,351,8,6,6,2,91.03,99.86,Medium,4523
430,Lance,42,1666,Delhi,1,0,Other,Student,Property,884,235,Low,7/30/2021,5/19/2024,64,241,1,8,2,6,35.1,75.91,High,1899
431,Kelly,72,3542,Delhi,1,1,Other,Teacher,Property,4078,253,Medium,11/4/2023,10/20/2029,90,395,9,5,8,10,97.82,67.65,Medium,4001
432,Richard,40,3384,Chennai,5,0,Female,Farmer,Vehicle,13560,294,High,7/31/2022,3/26/2031,18,306,1,7,10,7,19.16,99.31,Medium,3339
433,Brianna,47,3696,Chennai,3,0,Male,Student,Health,3642,294,High,6/20/2022,1/15/2024,54,346,1,9,1,3,59.37,96.21,High,4615
434,John,26,1805,Kolkata,2,0,Female,Farmer,Property,9268,131,Low,9/2/2024,10/17/2027,95,60,1,3,7,4,64.66,78.65,High,1917
435,Rodney,48,2957,Hyderabad,3,0,Male,Delivery,Vehicle,3093,239,Low,4/9/2022,11/25/2025,49,380,2,9,3,4,47.41,34.3,Low,3280
436,Cody,18,3825,Mumbai,1,0,Other,Engineer,Life,2708,47,Low,7/1/2022,8/31/2029,57,200,1,5,7,4,37.89,59.9,Low,3230
437,Daniel,49,1393,Chennai,3,0,Male,Teacher,Property,6465,152,High,1/14/2026,8/9/2026,43,410,3,3,4,10,64.91,79.55,Medium,1494
438,Laurie,55,3843,Bangalore,1,1,Male,Office,Property,3398,193,Medium,5/4/2023,2/14/2028,53,286,2,4,7,5,65.32,86.86,High,4207
439,Jeremy,32,4715,Delhi,0,0,Male,Farmer,Vehicle,0,,Medium,9/26/2021,11/6/2021,34,94,2,2,7,8,6.38,93.91,Low,6126
440,Gregory,26,4148,Bangalore,2,0,Other,Office,Health,7108,152,Medium,7/5/2022,7/14/2027,51,99,8,3,7,10,59.17,51.51,High,3651
441,Justin,65,3845,Kolkata,4,0,Female,Student,Health,13548,191,Medium,3/23/2022,1/24/2031,10,373,2,6,3,8,15.73,19.15,Medium,4837
442,Jeffrey,25,3391,Delhi,1,0,Female,Teacher,Property,2724,364,Medium,8/26/2025,3/14/2028,59,469,2,7,8,3,24.59,94.32,High,3428
443,Clayton,55,1775,Kolkata,3,0,Female,Student,Property,14961,362,High,8/19/2023,12/26/2023,43,246,8,9,2,6,32.47,3.7,High,1835
444,Heather,24,1007,Hyderabad,1,0,Other,Delivery,Property,1168,347,Medium,10/28/2023,3/3/2024,117,255,3,7,7,7,58.22,36.79,Medium,1147
445,Ashley,58,4196,Delhi,5,0,Male,Engineer,Property,13045,132,Low,8/7/2021,6/13/2026,69,182,8,6,7,1,46.05,60,Low,5117
446,Miguel,57,4591,Kolkata,1,0,Female,Delivery,Property,2920,280,Low,11/8/2024,6/1/2030,41,389,5,9,3,7,88.5,80.46,Medium,5043
447,Brett,59,1148,Mumbai,2,0,Male,Engineer,Life,6600,51,Low,12/31/2023,12/27/2024,60,375,7,10,1,1,49.14,21.31,Low,978
448,Gary,27,1189,Mumbai,4,0,Male,Student,Health,2944,350,High,7/12/2023,7/24/2027,3,258,1,5,7,2,23.6,18.67,Medium,960
449,Joshua,53,4764,Chennai,0,0,Female,Farmer,Property,0,,Medium,9/9/2025,5/4/2027,40,272,9,4,4,8,71.82,2.01,Medium,5883
450,Jesus,47,3554,Kolkata,0,0,Male,Teacher,Property,0,,High,5/2/2022,3/16/2029,66,419,10,4,5,10,39.94,84.3,High,4284
451,Katherine,24,1098,Bangalore,2,0,Other,Teacher,Vehicle,3772,344,Low,10/24/2024,2/5/2031,73,256,7,1,3,0,15.12,72.56,High,1069
452,Robert,48,3542,Hyderabad,1,0,Other,Delivery,Life,3560,178,Low,11/13/2022,5/5/2029,97,75,8,5,1,2,62.86,6.66,Low,3186
453,Michael,71,1749,Kolkata,3,1,Other,Student,Property,8622,166,Low,10/22/2024,8/13/2030,92,490,0,5,4,1,59.34,7.52,Low,1576
454,Alexis,56,4756,Hyderabad,2,0,Female,Student,Vehicle,8104,346,Medium,11/21/2023,1/10/2024,14,184,6,9,3,2,52.99,35.32,High,4684
455,Marcus,40,4796,Chennai,4,0,Other,Delivery,Health,8228,253,Medium,7/6/2024,8/23/2025,83,353,2,7,2,4,1.43,79.94,High,4786
456,Ashley,57,4614,Hyderabad,2,0,Other,Engineer,Life,3820,333,Medium,1/17/2022,10/16/2030,56,420,3,4,5,5,68.37,37.53,Low,5604
457,Rhonda,68,4796,Bangalore,3,0,Other,Farmer,Health,5940,352,High,12/13/2021,8/23/2029,98,53,9,0,9,4,8.63,10.26,Low,3952
458,Charles,60,4849,Bangalore,3,0,Female,Delivery,Vehicle,10878,43,Low,4/3/2025,5/20/2027,37,331,2,6,1,3,7.8,42.52,High,6156
459,Joshua,21,1144,Chennai,1,0,Female,Teacher,Health,4719,312,High,9/10/2024,11/5/2027,103,395,5,0,1,7,76.86,27.35,Low,1396
460,Carlos,65,2602,Delhi,2,1,Female,Farmer,Life,9778,275,Low,8/11/2022,3/5/2023,110,163,5,8,1,5,14.73,3.33,Medium,3208
461,Miguel,73,2350,Chennai,1,0,Male,Student,Vehicle,4080,190,Low,1/9/2025,1/9/2028,25,110,4,8,3,7,96.16,7.71,Low,2626
462,Leslie,54,2087,Chennai,2,0,Female,Student,Vehicle,2304,88,Low,5/26/2023,3/27/2024,91,391,6,1,1,9,42.29,42.86,Low,1754
463,Natasha,65,3189,Kolkata,2,0,Female,Teacher,Vehicle,1098,170,High,6/22/2024,1/13/2027,45,377,0,4,0,7,29.74,76.66,Low,3602
464,Megan,52,2527,Hyderabad,0,0,Male,Engineer,Health,0,,High,10/30/2023,12/28/2030,54,496,8,5,2,0,11.56,98.49,Medium,2488
465,Brett,57,1556,Kolkata,4,0,Male,Delivery,Property,9280,279,High,11/9/2024,8/12/2026,98,350,4,0,10,6,85.26,58.21,High,1650
466,Lorraine,41,2774,Delhi,1,0,Female,Teacher,Life,2593,299,High,11/6/2022,6/25/2026,72,236,4,8,1,9,49.27,70.43,Medium,2888
467,Erica,39,2602,Chennai,5,0,Female,Farmer,Property,15840,211,High,1/20/2023,1/8/2027,86,452,2,2,2,3,98.13,35.54,Medium,2465
468,Emily,34,2134,Hyderabad,3,0,Male,Office,Vehicle,4527,42,High,4/20/2023,11/13/2027,82,57,2,3,4,8,93.94,25.93,Medium,2178
469,Elijah,40,4245,Delhi,1,0,Other,Engineer,Property,3641,364,Low,5/9/2021,2/24/2022,101,85,8,4,1,9,28.89,84.19,Low,4055
470,Laurie,25,1868,Mumbai,2,0,Male,Farmer,Life,1752,152,High,8/24/2023,12/23/2028,59,107,5,7,8,2,32.33,7.36,High,1614
471,Charlotte,65,4664,Chennai,1,1,Male,Student,Vehicle,2723,157,High,4/28/2022,6/15/2027,90,98,10,5,1,5,72.54,67.88,Low,5277
472,Mallory,58,3057,Bangalore,3,0,Male,Engineer,Vehicle,3012,343,High,6/5/2021,1/18/2030,106,294,4,0,9,5,61.53,46.08,Medium,2931
473,Sergio,26,3458,Mumbai,2,1,Other,Delivery,Health,3910,274,High,5/23/2022,5/2/2030,29,202,6,8,6,7,6.09,7.54,Medium,3262
474,Terri,40,4490,Chennai,4,0,Male,Farmer,Health,17372,27,Low,12/8/2021,5/16/2022,89,356,4,2,10,7,63.22,33.15,High,4510
475,Tyler,53,4510,Mumbai,3,1,Other,Delivery,Health,10773,281,Low,9/1/2022,4/6/2023,97,297,8,3,2,0,78.61,51.15,High,4171
476,Robert,22,1890,Kolkata,4,0,Male,Office,Health,3356,230,Medium,10/10/2023,10/15/2030,9,271,9,1,6,0,43.46,56.65,Medium,2095
477,Cynthia,67,1571,Delhi,3,0,Male,Farmer,Health,13947,41,High,10/17/2021,6/8/2029,39,116,7,2,0,0,20.83,38.26,Low,1308
478,Erika,55,4305,Chennai,5,0,Other,Office,Health,6920,311,High,3/10/2026,9/7/2030,93,400,1,1,5,4,93.34,74.55,Low,3778
479,Justin,64,4567,Chennai,0,0,Female,Farmer,Vehicle,0,,High,5/22/2023,7/14/2027,114,50,1,7,6,8,65.72,24.19,Low,4089
480,Gregory,63,3872,Hyderabad,3,0,Other,Office,Health,12771,38,Medium,12/26/2025,1/7/2027,49,471,2,4,10,8,25.63,89.08,Low,4798
481,Robert,40,2148,Mumbai,5,0,Female,Delivery,Vehicle,19625,147,High,2/23/2023,7/8/2028,5,409,9,0,10,0,80.91,83.85,High,2783
482,Benjamin,57,3369,Chennai,2,1,Other,Delivery,Property,6576,356,Low,8/11/2025,4/4/2030,91,436,4,2,6,7,99.9,97.27,High,3070
483,Chad,29,3610,Hyderabad,3,1,Other,Student,Life,11796,26,Low,7/16/2025,4/17/2026,5,195,8,2,7,10,17.16,91.84,Medium,3049
484,David,20,1694,Chennai,1,0,Male,Student,Property,3873,336,High,11/12/2025,7/22/2030,24,210,9,7,9,1,43.71,7.82,Medium,1410
485,Todd,51,4092,Delhi,2,1,Other,Teacher,Health,4178,348,Medium,9/2/2021,6/8/2025,100,175,4,6,1,5,91.67,23.65,Low,3826
486,Todd,21,3835,Chennai,5,0,Other,Teacher,Vehicle,9680,20,Low,5/24/2022,3/4/2029,61,362,4,5,10,0,89.01,69.95,Medium,4879
487,Donald,38,4020,Delhi,2,0,Other,Student,Life,4332,241,Low,6/21/2022,7/10/2024,9,397,3,9,0,6,7.67,60.96,Low,4708
488,Christopher,24,2876,Chennai,5,0,Female,Student,Life,13180,330,Low,2/22/2023,8/3/2027,51,462,5,5,0,7,64.65,88.45,High,2972
489,Roy,65,2312,Hyderabad,5,0,Male,Student,Vehicle,19350,94,High,4/17/2023,10/22/2023,91,174,1,1,3,3,23.62,27.56,Medium,1940
490,Ronald,33,2496,Bangalore,1,0,Male,Office,Health,2416,305,Medium,6/3/2024,10/22/2028,48,186,4,7,1,10,35.38,72.63,Medium,2981
491,Edward,40,1465,Delhi,5,0,Other,Delivery,Life,20285,268,Medium,6/26/2025,7/15/2030,24,489,1,2,10,10,56.55,96.88,Medium,1689
492,Sarah,49,4368,Hyderabad,4,0,Male,Engineer,Vehicle,17748,66,Medium,9/13/2021,1/21/2028,42,253,5,8,9,2,55.14,65.83,High,4981
493,Victoria,23,3391,Hyderabad,4,0,Male,Farmer,Vehicle,14132,215,Low,4/24/2024,10/29/2027,40,71,6,8,5,6,8.26,46.29,Low,3500
494,Erin,37,3715,Delhi,5,0,Female,Student,Property,8190,102,High,12/25/2024,9/2/2027,21,393,3,0,4,5,53.39,42.7,High,3691
495,Joshua,21,4519,Mumbai,5,0,Male,Farmer,Life,9600,292,Medium,5/12/2022,6/28/2030,53,412,2,1,4,4,33.43,42.27,Medium,4196
496,Kathryn,34,1310,Delhi,5,0,Other,Delivery,Vehicle,21720,31,Low,4/20/2022,11/5/2029,17,494,4,10,4,2,76.81,46.57,Medium,1247
497,Melissa,36,3568,Delhi,0,0,Other,Student,Health,0,,Low,6/21/2022,4/10/2025,95,96,7,10,4,0,38.43,63.63,Medium,4229
498,Nicholas,21,1280,Kolkata,2,0,Female,Student,Health,2308,11,Medium,11/16/2023,9/19/2030,93,83,7,4,8,7,71.48,38.15,Low,1338
499,Sarah,57,4698,Hyderabad,3,0,Female,Teacher,Property,13554,166,Medium,9/15/2024,10/9/2026,97,99,2,3,2,3,74.74,6.16,Medium,5176
500,Timothy,22,3681,Delhi,4,1,Other,Office,Life,8000,362,High,4/19/2022,5/4/2027,37,405,6,5,7,9,56.89,85.82,Medium,3425
